{"L1_distance": null, "KL_distance": null, "_timestamp": 1708638739.323501, "_runtime": 197.5130259990692, "_step": 92}