{"L1_distance": 0.002441982040181756, "_timestamp": 1708639440.270108, "_runtime": 86.35013794898987, "_step": 4}