{"L1_distance": 0.00834083091467619, "KL_distance": -0.087611123919487, "_timestamp": 1708641523.357666, "_runtime": 342.6326370239258, "_step": 20, "_wandb": {"runtime": 342}}