{"L1_distance": 0.007523094769567251, "KL_distance": -0.07584598660469055, "_timestamp": 1708641316.362405, "_runtime": 135.63737607002258, "_step": 8}