{"L1_distance": 0.00837397389113903, "KL_distance": -0.08813431859016418, "_timestamp": 1708640571.6440609, "_runtime": 326.35386180877686, "_step": 20, "_wandb": {"runtime": 325}}