{"L1_distance": 0.00015891366638243198, "KL_distance": -0.00012081561726517975, "_timestamp": 1708639874.027665, "_runtime": 424.20471000671387, "_step": 20, "_wandb": {"runtime": 424}}