{"mean_top_k_R": 0.24442109018564223, "_timestamp": 1708630447.473036, "_runtime": 736.2515561580658, "_step": 1000, "_wandb": {"runtime": 735}}