{"L1_distance": null, "KL_distance": null, "_timestamp": 1708638413.8771892, "_runtime": 111.84038615226746, "_step": 496}