{"L1_distance": 0.008268259465694427, "_timestamp": 1708640990.122667, "_runtime": 327.4644160270691, "_step": 41, "KL_distance": -0.08645322918891907, "_wandb": {"runtime": 327}}