{"L1_distance": null, "KL_distance": null, "_timestamp": 1708639186.1273978, "_runtime": 412.9772937297821, "_step": 20, "_wandb": {"runtime": 412}}