{"L1_distance": [0.003127265488728881, -0.02736646868288517], "_timestamp": 1708638168.114719, "_runtime": 72.28419280052185, "_step": 325}