{"L1_distance": null, "KL_distance": null, "_timestamp": 1708638524.799148, "_runtime": 97.76772999763489, "_step": 46}